wallet_address,credit_score,behavior_cluster
0x586e32930ac05127de429bd566eaa2758fcbd9bc,100,2
0x0f3c2476fbf0ed09dff00ea7f4ef252dcc72e6f1,97,2
0x0006e4548aed4502ec8c844567840ce6ef1013f5,96,2
0x0c31b6605686aa26df47eb45af0e4aa6639a5fd6,96,2
0x3584ca77ba08bd8b3fe4762e60eb284e37696829,94,2
0x4654f56a64301b9b582f843f97332d96ead11ff8,94,2
0x121667b6690f5040c672c3df912a5aaf8735ca23,94,2
0x6168bb05ccb4aaded0169602bbb6e3cae12902c5,93,2
0x540467e4d66cea16598240ba82215f459c9b988a,93,2
0x003c52a71c887461087154eccced08cb1c5384a5,93,2
0x8c863333c2e92f02e01f7a3c6d131e4d59f78990,93,2
0x1cd2eb4e9b2efaf76fc6637b5d3ce3498d5c5000,93,2
0x9ce8f85083fcf364467a827cb15730102306ed1c,93,2
0xefd0199657b444856e3259ed8e3c39ee43cf51dc,92,2
0xf859a1ad94bcf445a406b892ef0d3082f4174088,92,2
0x2848b9f2d4faebaa4838c41071684c70688b455d,91,2
0x2b19fde5d7377b48be50a5d0a78398a496e8b15c,91,2
0x3596c017ad351628cd31980837c0938ddbad7e49,90,2
0xa456da10f3cb6116110c61d0e9a150a6406d1a15,90,2
0x08072a5fbc90eed1ca4fb863c1df8aa1fec61cfa,89,2
0xb435871b0959561226b4d903b1abf79528177e81,89,2
0xa53a13a80d72a855481de5211e7654fabdfe3526,89,2
0xe5a3d77d7788a83f3549dd7f08fc2aced7e262d2,89,2
0xb082ddfd74748b763f52f04558e5f814a56de67a,89,2
0x46a0b4fa58141aba23185e79f7047a7dfd0ff100,88,2
0xb06068f25c6b6944593a91d36a8e4f88985dd846,88,2
0x285306442cd985cab2c30515cfdab106fca7bc44,88,2
0x793acdce9db7bc3269513652923d543b4818e817,88,2
0x644239848c7b402d813295893db428aae7cc4cb5,88,2
0x9e9bf7495369e73e76e0f41c00481b16a270711c,88,2
0x19360799a15730fac556088793895aa7650ee442,88,2
0x2d29da8a41acea411189ae98ed73c9503e0dd4c2,88,2
0x01e7f16e17c50d070eb66787f25ce3be405d6038,88,2
0x9709a9f77d4349e1da4220f1458fbe9339d612e3,88,2
0xf8fbc9298650f49f9b6280ead636c1811c6ca1a1,88,4
0x10aab4b0ef76aa2ac9b5909e671517a1171b050e,88,2
0x6f9bb7e454f5b3eb2310343f0e99269dc2bb8a1d,87,2
0x1712808a5d99e8fa244079d50e2a3c46afcafb35,87,2
0xb0848a5322f7d5d29416ac07b2df6e0cdb6c50d2,87,2
0xecf65013b943b0f15cfc09882d2afa273d0bb7e8,87,2
0x6d2af065ccb60c0f7e8ec5907c961c42a3447127,87,2
0xef764bac8a438e7e498c2e5fccf0f174c3e3f8db,87,2
0x24e09f0b6e050754a9ddee77d867a786a38339dd,87,2
0x32a59b87352e980dd6ab1baf462696d28e63525d,87,2
0xfd72fac7d08f9912e5d02091417304d5a0072e2b,87,2
0x99cd4625a58c27df7616fd4e5caba5803a875cfd,86,2
0x009b56330ae5ec5042b9ca46ddb3043cc0d006f3,86,2
0x4f5c0754c5f90e722d78964644bd29687b87c584,86,2
0x904505327ac551de0e33fa33d8c744f8ced5d171,86,2
0x2b53f9cb996a3c0b76b4e53104ed975aad720c70,86,2
0x0576903118227bbffed05c46271c03590f52158b,86,2
0x127f6bfe9b238edec1bc3cc129c4c78cc5727871,86,2
0x0118289457e9fd02c05e37e27a11bd09d3500021,86,2
0xb027257430f0e4dc0fad2184ff4b415761e8db20,86,2
0xd3d555bb655acba9452bfc6d7cea8cc7b3628c55,86,2
0xa00c99f5f955552742f1089ded88abdc74e67bac,85,2
0xd7925984736824b4aecf8301c9aee211cd976494,85,2
0xd47df21207181152dffc749eb3a66d8d91eb204a,85,2
0x4d25819e9de2a2eeeddca953d1ef0182680a7054,85,2
0xbfc54c36fbd010d53975ef38e90462c1a7afdb60,85,2
0x49b357c9acaa84a0cb978571b642b825e964b2cc,85,2
0xbd086f196c010be4d487a6cd54dee584439a54ac,85,2
0x4802de6e932f46be3d2b0d5e3ca6448cafc4e538,85,2
0x57ef012861c4937a76b5d6061be800199a2b9100,85,2
0x3d8e382e38d464e0352765b01f9fbcdde1eb56a0,85,2
0xb0804b6dbe7159bddc1b6c9c00c796d94eee1858,85,2
0x0e0ec712b3912b5601216455a158cf18152cb62a,85,2
0xe82542051b5e3ef94ce93c7a0473082dd3932bd5,85,2
0x19ee7696d2a71548a7f1fc9cef644460d7e73297,85,2
0xe77884cddf148dd5f0e9191b33d8dbaddb16dfb5,85,2
0xd00ae74b8a2a0b3c17636cdcf4c4e72149f2ee20,85,4
0x42b9df65b219b3dd36ff330a4dd8f327a6ada990,85,4
0xbf83e6e40162c655f2ded3431b7b31307275ac95,85,2
0x3ee505ba316879d246a8fd2b3d7ee63b51b44fab,85,2
0xc9004eb172a1cf5afca47f38bea59231fbe96406,85,2
0x90c3729672a0b7a9bb7553e76c477cf873e3bc33,85,2
0x0aa05126f46862cb8cc097a4d6f0f47ddfba0a7c,85,4
0x229229284c0ea7c2a898765a5652fc03f0e35293,85,2
0xf0b4fb521eee7561e746a2e01ef933c5a2225809,85,2
0xe826cf83f03732ea35eaf4cd9627d57529feca4b,85,2
0x2fe55ecd0813821a209a944888206cc4dafcbe17,85,2
0xa5c3a513645a9a00cb561fed40438e9dfe0d6a69,85,2
0x683a42e5b414ae5cf79ece7e369ca5937fdcdc11,85,2
0xb528c573ddd7acaba1a1da77a4fd5a1ea4a32990,84,2
0x4aeee08c3187fa1ae768e6264898397f339ac334,84,2
0x000000aaee6a496aaf7b7452518781786313400f,84,4
0x4c0e1f1c80090b6749f757262c267246aa3ace64,84,2
0xeeeb089c1935b45bf3f474b5698397e0c212ec9a,84,2
0xeee61d4100c2a8fe0c3b3e9e9dd6b8afd2f2d40d,84,2
0x85dc5fc2e2d5054a459890ce992106f58ecfa93c,84,2
0xb6317af995693789900f85b2d93d1dd0f5deb558,84,2
0xff16d64179a02d6a56a1183a28f1d6293646e2dd,84,2
0x1879bee186bffba9a8b1cad8181bbfb218a5aa61,84,1
0xc4b485a4a6faf2a8e17a57f8ed198f058fe2b408,84,2
0x13dc08f5ddbcbfdf6ebc04c909c3052a2aa7a111,84,2
0xd4c80637f45a55b5e1afa9cd0c935395063d4523,84,2
0x383f42b5de515c564641f65f5da3bd8b4a35b4b4,84,2
0xcdf449b5c9bd2a725319163c3e7f2d7222c4d8c9,84,2
0xd062eeb318295a09d4262135ef0092979552afe6,84,4
0x71bb861eee90ebc82e9ee26778309560fd361538,84,2
0x1d5825956b0870d3257b73e703c632e9acd3180a,84,2
0x2a4e6c78f12333481a6d932ba526eb56bd64f008,84,2
0x7044a3e6bf3baf4f0d2f8884a2ee4e2d838f8902,84,2
0xf11d95bd4c18e4a792cd3ffb581e2c30890724a3,84,2
0x233f1d0c0abb1eca410b6e1e7d2560cfd32b07b2,84,2
0x4d447a38edcf79f3ef588518413a55d717a93f9b,84,4
0xf05cbe0ee781ab4432ecd5f6e5ad04551d239561,84,2
0x10aa95a9a64b4a72af7f26ea92c737d99d0d5da8,83,2
0x06cb7c24990cbe6b9f99982f975f9147c000fec6,83,1
0xd9b99266c42d427bb3a64f30a0242bbeb41f6830,83,2
0xfdc6a17917115498a3ed417d4a89224685f26ea3,83,2
0x213353406af8bc04023e497a9997903509615718,83,2
0x21dddb54130831b40a034785f66039bbbb46a64c,83,2
0x0be0ecc301a1c0175f07a66243cff628c24db852,83,4
0x4467554da9e6e79ef5f90f0c0fcbf7d645c394cf,83,2
0x7e388444731c38189c0685f6d98605107ff59282,83,2
0x944586cf150c0b10913734ccca59a872490e0377,83,2
0x053b7f29bc6d95182f0e54efc86549938878647e,83,2
0x5c57e1428bb1a4259ec4fd9a83bd2c797e72a8f6,83,2
0x59f3637ebdc8b4e4a2b0af2ea26d39da788f3957,83,2
0xc5c04a665048403b7d7f4f5f1b165cf64385d9c7,83,2
0x7dac5dcc33e665640546d2db1d3fe88b27e0082f,83,2
0x7d07167d55edda306f7efb9a43a15a9b899698a7,83,2
0x0d5926184e886db1a736d88f0fb257be3f99ebd5,83,2
0xc372a2c980c7bd722423a00e507a57926b0cb49f,83,2
0x3d1a8bf4b5db60f71386f1e714c1402ba9476242,83,2
0x3c315dad747c210a522f118788e8d7c800116680,83,2
0xa5cd3bc3f3d34b3a716111643e19db88bfa649c7,83,2
0x402a75f3500ca1fba17741ec916f07a0c9db195d,83,0
0xda248cc10b477c1144219183ec87b0621dac37b3,83,2
0xff2bbb591d9ee23259e3e95d931ee59a61b2212f,83,2
0x8108a649ab2fa2832ef8a8e88c921017fccec2bb,83,2
0x2b11b02f5b32056af20cdf8a45d4f680b303b3a3,83,2
0x25cb5b18a3d6c7cf562de456ab8368ed577c0173,83,2
0x2565f8e0b33f2d3bb1c0e2dd5fbb972df48654c8,83,2
0x1955c2b76b1cf245795950e75eb176080879da50,83,2
0x334ff7580ee92bb13d744cd309925560877122a1,83,2
0x03d4695df4b8d321d31c94de8f430e3450f50498,83,2
0xa505b105060eafbf4521e337256ba0433b6fc6bd,83,2
0x389135c984febdbb310adaf23a690dc28c8fa62b,83,2
0xa7a13659692239c143dae313a0116d5b5c18d26c,83,2
0xd3069c9e486a8b77add55ae3ceb3a4b138fb76c7,83,2
0x30caf91380d5911d417f5dada36f145897bc7f72,83,4
0x8376b14104dbf0642a3c2adfa33793cfcb0b8d76,82,2
0x00809b9263aab2856bf65be3d3bc3fcb9e19c1fb,82,2
0xa675d0598631414eff11d81c4831ebfea776c87b,82,2
0x16ea1f673e01419ba9af51365b88138ac492489a,82,2
0x188c30e9a6527f5f0c3f7fe59b72ac7253c62f28,82,2
0xf55868968409401ec70e3527c3dc50335ee27f4e,82,2
0xebbcc9b60e2b819f2758c205c8cd986133d21005,82,2
0x06f8f66648cac8bd39e9cce036094ef4dd1b504b,82,0
0x513d9f94272c36121adf4bece7ee8685e74305fa,82,2
0x5142126b4573ae1a23e4c8ab2a16631cae725325,82,4
0x8a09990601e7ff5cdccbec6e9dd0684620a21a29,82,2
0x076c95c6cd2eb823acc6347fdf5b3dd9b83511e4,82,2
0x432dcbda06e8b296ca29705572d7cb6315ed8bed,82,2
0x4175f94d7e7b963255a1bfa0f25702248a84a7e0,82,2
0xa24f2e6dcbd2da9a220958401dab74b365bd34e1,82,0
0x7ba7f7ba93ed40d18b7783419081b6101e47ff0f,82,2
0x1fc6386835eb73c7c3b16695f30611b1a71fc84c,82,2
0xe2f35b376461e7fdd2f2e45248e4c3cd9626a933,82,2
0x361622264aed52ff036ff8314adff6657c4153e8,82,2
0x606420fc17e08ce7d85a5068cede5542c0e47128,82,4
0x61ad994108a0d4b8a2dc60129362ffa62342bbd2,82,4
0x268a1b7ecc1fe1fab1ee32a7e61e3b7810bad4a5,82,4
0xd888dafa1df40c262c10d0479b9f0b8d8d2cdfc7,82,4
0xe65187714eb725c76012defd18ab7b495fb25f31,82,2
0xe551388b683bb1e34e27e5a7b00eabe79b080bf7,82,2
0x2ad9ea1e677949a536a270cec812d6e868c88108,82,2
0x9c9550871c8d714e90ee03e610b21f156381bdf1,82,2
0x9b4e28020b94b28f9f09ede87f588e89c283cffd,82,4
0xbc773ca86d9071e163168a8a5ad25e235907f9e7,82,2
0x822cdf10f5e8276da05cd25bc66b9b7aa7a0fdb0,82,2
0x937534aeb1525d71d35e9903c0f847c4bd2495c7,81,2
0x212ed0fadf06aa480d09fc1737b2912213ef6ab4,81,2
0xf0ab8776883df3bbda2c8f27b2dce8b3609d88a4,81,2
0x85591bfabb18be044fa98d72f7093469c588483c,81,2
0x0abc80cb388b04e6ceb237a3a6897d07ab378774,81,2
0x1fcfd25b25ccead63665cf867f4f7cba3e75de64,81,2
0xe1970f21b319b7bc493cb93a51adc17cdf6ad98e,81,2
0xd2ab7b6137705c243402b5bc0bc68499c1f57fa9,81,2
0xd6390178b2002a0758e8b3486fddc1c4bc23ebe1,81,4
0x67bbbccddd394c2cfa15d3958904858b21040cc6,81,4
0x9eacf519f5a1e072339463a61143602e696c751c,81,2
0x547f0a7816ccaf3b2dccb1c4401799b440adec06,81,2
0xb0e1088863f02b7edf67324d02d5093de9b19e0c,81,2
0x8dbe431939b9c323d42e6ab160870a01f1d09549,81,4
0x1b5dbb494c47bf7ba4ca62d13e2574df7d42e10e,81,2
0xf42c5c708e12eb4e46eb1c3da7dcff7957edaf07,81,2
0x15185a07a4f42cf3b39b6d143ac485f15a695d84,81,2
0xb242b2afee4dda2b04a04cd1a982bf4dc066cee7,81,2
0x9b66137da669f2e6277832a3d2c91edfe963e64c,81,2
0x6d4090db32d7dd417668489964c05ed6811671f0,81,4
0x61b73e44541f140e029fb3ccf0726d59f36cd1e0,81,2
0x37de9d293350dc3fe3cb7a9339a94ba2b00a3668,81,2
0x08e5f4670b8e70fe77d952ba0fbbf9f4762aaf73,81,2
0x4b1f2b10a8c7d8b37ecf45659cdeddb54f84253e,81,2
0xba2f752f7eccb6acffd73e532586050bf0a1fc32,81,4
0xb36d37110417c0ca0b79b5d262868cc9444f7550,81,2
0xcb2e279b6846f8263b1559504d1773acf835e0bb,81,2
0xa85efd19852f56990a708d5d38d49552e8c75512,81,4
0x3bd856465321ead1605286938493169e9c9011cf,81,2
0xc60c784a4556126720b113e12fe950163427499c,81,4
0xa87259f8e14364953d91f8541a7ba0b32e5e7008,81,2
0xeb23e02024b8b98dd988d39482ec4bc6d329199d,81,4
0x7b325769124cce64277ebeb4d6fbce65276809be,81,2
0xae49bb6908cbce30264fd061272098f40a80e442,81,2
0xadeeb9d09b8bcee10943198fb6f6a4229bab3675,81,4
0xd90668e94ea31538408a5874db5ccc41cf4cc54b,81,2
0x2e1493555dbdb58bb61589fbee718286d7e690ba,81,2
0x6654500f0e8d45cc9e21827c6ff80a17dbe5b794,81,2
0x310ce0f00b0d64989da96380a48e4409079c8d8e,81,2
0xb7992598ac932fe2626d68a79bbd099fc293828b,81,4
0xbc0c33fff2888a499a519a641a91f9d7dd270b71,81,2
0x8afddc17270fea3a8bef02105923ebe5df5ca7cc,81,2
0xcf32352be14b4c39ea7b914f8c302de4d67f0ff6,81,2
0x71f12a5b0e60d2ff8a87fd34e7dcff3c10c914b0,81,2
0x0951ff0835302929d6c0162b3d2495a85e38ec3a,80,2
0xa6308eab4fc51b4d1c1213ef0628ada3c04ff47f,80,2
0x003dc32fe920a4aaeed12dc87e145f030aa753f3,80,2
0x203a67b09429d1baa2c56eb4c57634e498f07819,80,2
0x83efa8293a5c40fca10d3f4a8b29ad027f53f8a3,80,2
0x64ead14ad73ac013dcfa181ca72c13e935fb3c13,80,4
0x410c8568c94f707008bb7a5afd36421b0cf6c307,80,4
0xa1ed93bf44ba35f1e8ebfb4d104a0e109337a5aa,80,2
0xdec7eccd6e1abf4149b36ad5dd53afaf20eaa1a7,80,4
0x19f45ea63b9d9b864ae2eee603e7b106df875754,80,2
0x3f3a206662db588c741f95fccdd74d32ededbfff,80,2
0x44e88af9ccecc4de798737cc70ee011f6c38d00e,80,2
0x289c23cd7cacafd4bfee6344ef376fa14f1bf42d,80,2
0x0a80c3c540eef99811f4579fa7b1a0617294e06f,80,4
0xec8e446c52f2d4ac9048aff1813c636ac8334fc9,80,4
0xf31fe83baf9bdc2a10ed1275db3372a0538328e1,80,2
0x4527c75dfc50a5390dc663f81b627c39e7b9acad,80,2
0xec3ca7ceb5c328c2f3a4d12e508afacbfc3ed087,80,2
0x5212f225f58b8cd4c1cf2a10dcf047449dcb5d86,80,4
0xdb15485f9d4397a1687cb3f4b372acb9794a923d,80,2
0x0489076a0d17394835af93cd62acff703b6814a9,80,4
0xa87ab61574a159ee2466ed44dadcd7b9fb292ec1,80,4
0x672af09e60806646e9df0411b31aa8bfdd2579ca,80,2
0x3e7dd7df9c1ffd12b8ecd94a27472bdc4d87ab7e,80,2
0x665c8ffc97f69d9b69d8b52643d0d7017a993c80,80,2
0x9f3226e9de5983804e7003a779ef2e59f7e09733,80,4
0x67d3ccbd1d81e7b1427b70d94454e0039271d237,80,2
0x547a2da01bd94d3f0800219ca51ed3d00b2091f9,80,2
0xda4e42749cb44afa7222643ca0a3218d8df5ddb6,80,2
0xbef33200077a2a2ac3613ab92488b41ffc39ace2,80,2
0x6bb1be45c80e14b6ef600df5b018df12a7b245c4,80,4
0x6bb740b57627123ecb2debe195ea5b225b4f9ad8,80,2
0x9d11b1e1445b017902e561ceb201f009b3d53a42,80,2
0x116549cd0715ce44f4c6bccb5b268ebc76e3969b,79,2
0x0056d1fd2ca3c0f3a7b6ed6cdd1f1f104b4bf9a9,79,2
0x0eb0093e9c632a794f4baeef2dee684d8c01f4c1,79,2
0xa4a1dbfc19aa69a2b6d0391dbcef0c01dc9f0043,79,2
0xefea7656b79d8f5cdd4efe28ddf71855d9c7f447,79,4
0xfd1935fd3c8f49723deb7296c58ba4bb1a0e48e1,79,2
0x4d37f28d2db99e8d35a6c725a5f1749a085850a3,79,4
0xf8a099545c0f2c3d3e547c048c2f5589e53b54d5,79,2
0x5445f987ff43fe2b2c31b86ebfc585a3d6b02120,79,4
0xecc996953e976a305ee585a9c7bbbcc85d1c467b,79,4
0x282173335ae1f328b34eb9acadc052e59e70a89f,79,2
0x1564d040ec290c743f67f5cb11f3c1958b39872a,79,4
0x7ea0aacaba3d6e5ec781585687ccdb7d1c25f5be,79,4
0x073c841e832b7cc2e75d0fb1f8a98dca355bf485,79,2
0xbc8dafeaca658ae0857c80d8aa6de4d487577c63,79,2
0x7d5bec15de5378e31040b9fded942c3f18066586,79,2
0x131c09a5f0b64993c5aa4ac0ac07792856135fab,79,4
0x869a032b284481f4ad359ac75cd017eddee5c23c,79,4
0x136d9aade0fabb66dfaf7fba1d450c447d8d9d3d,79,4
0xe251dd14466b55b83ee33735320a187547a52057,79,2
0x9030b78a312147dba34359d1a8819336fd054230,79,4
0x58ffe60904be609b4af1b42ce7bfaadfd0030cea,79,4
0xd1bd53fbc7d020d29921e61d587fa2c948d55dc6,79,2
0x9af3a0575a0702516386973cf2dc4ed7a6b6cb42,79,2
0x82f458f713ac9a366aa9c7e858f69454fde779e5,79,4
0xeb64340f380b8c2e708c390a1a6be7d7c9c1c4e8,79,4
0x32802f989b4348a51dd0e61d23b78be1a0543469,79,2
0x3b5b5bd95867fbbc6fee07edd1d4affe3b0425a4,79,2
0xc50eaaee441566b4ef4f1e3270d19f24223cddf4,79,2
0x549750e6b5b40e627365bdcf7f7780dbfde113a4,79,2
0x9cfadcd826c12d18313dc36b316d651f0cbcac9f,79,2
0xd015fb4e0c7f2d0592fa642189a70ce46c90d612,79,2
0x034a4081df0c5a039d05113a7d0b334083a7b084,78,4
0x2aefafa691982dd8431b03e584988b80c5c0b977,78,4
0xe00d58e8a4850f231c8482681657501d0e49703b,78,4
0xff789ab6730c22da1e095645836cb70eaf5cfc51,78,4
0x00cabd694cb935ea5bda953be560253934916043,78,2
0xb4756d65812236c4c82c768e7dcc58adb6cac975,78,4
0xd8595ac2836b7a8040f046e751b42088436b6365,78,4
0xd64813e230b945e501aa1969d21fb2072cb95930,78,2
0x9e64b47bbdb9c1f7b599f11987b84c416c0c4110,78,2
0xb00ba6778cf84100da676101e011b3d229458270,78,0
0x6d330800687ee1b85d4af30bff6bc41638f21524,78,4
0x57db5d6aa783cf29af41330569d24957140fd3eb,78,4
0xfb4cff6bb42bcbdf0a225f3751b9d0a436c94fa2,78,2
0x5761ab177fc7d38dcce87950111b34825217b54b,78,2
0x2f47eb00b241eccce85f369a024742186920e111,78,2
0xc2a8728496be486950ab1754b8c7fe23f99c05a5,78,4
0x5519b78b0f40d62a110c787317a9833f36d937d8,78,4
0xd6895cd5ee89d8a35698bfb9a3cc7e0ee3b61a9d,78,2
0xbeefdbfb1747399fed162c3b588d43a094353bd5,78,4
0x794dec90a3b9e399aad7839fa39c17a521977cdf,78,4
0x0c7b5f732501b3ac2f7832a6008cb7450aa8c92d,78,2
0xfe1bcd4fae7d1f04a744aa51d2cf4efd5277762f,78,2
0xe4b0fea2c1c6c90c356bfbbe04b7233a3f144c00,78,0
0xa43d0765cbe4d17830fccdb27a77fb22dcd5bb35,78,0
0xf76e294b6eaaacace4cfea1a63184cb97fa25264,78,2
0xa911e9af1747ced514b0596d85504a0501a5fd88,78,2
0x3bab311d8386cc6ee340bf9dc54deacc7b73ea5c,78,4
0xaaa24678f36c28baa3beaf86bd065dd18a85df24,78,4
0xddef74bd1ef4915546ee9371928123475eb2a354,78,4
0xe9b05bc1fa8684ee3e01460aac2e64c678b9da5d,78,2
0x32c6b5db05b98907a29baeb7d09c79c95498b17a,78,2
0x82c97a32fc50c89dc150a64c044b524243e6baeb,78,2
0x7186ce946a1bc87680ff0ed8e5d684ad27b3734d,78,4
0x25f952c6b87d3a9c48ac86b61f27b81a6f2ed332,78,4
0x258749962c9e2f96c059ab97d59ebce20b843603,78,2
0x4952f5dde00a0677365e42d33bcc5a8abd4e2b43,78,4
0xb32b2fb57152a6091fba9fb4803e2df0097c55b4,78,4
0x8662f71896d5770e2991a2e6fc1836c5c5ba3a67,78,2
0x0e7af95de26bf10e6b9f00d846c22757aa582b9c,78,2
0xb7896fce748396ecfc240f5a0d3cc92ca42d7d84,77,0
0x52405eff99dd4c2015463dc511573344f2e2e8d7,77,4
0xbc52cdf9c928e9f3a6aba12f64b20db029623481,77,2
0x3825c8ba07166f34ce9a2cd1e08a68b105c82cb9,77,4
0xcd5f8fa45e0ca0937f86006b9ee8fe1eedee5fc4,77,4
0x380e92c897b0856cc4ffdd0accc21ba01c9327e9,77,4
0x009b6817807c332b9445f5c9cf2ac94631fe876e,77,4
0xb3597a560e312af23349f599c3318b79e244ef72,77,4
0x8ec5c5528db3f1c6d8e3c4256e87de04ca7fffdb,77,2
0x8ec1675d89c4ff8579e461d593700292b9967b46,77,4
0x4cdb6d043b945dfd9d33946787326c2f2dae93cd,77,2
0x512fce9b07ce64590849115ee6b32fd40ec0f5f3,77,4
0x0b7ac50e15c00ca737ea89c124af1d964fbbc63f,77,2
0xab95c29198f082b86c2eed5b7c18aa5b80802394,77,4
0xdd20489fdfae08b53865a22b552fa2b90f409450,77,4
0x61b7a83199759b41a47a05d893fee924edb64f40,77,2
0x72a8dc5b6520f784bc70f14b465f974f7d8410d1,77,2
0xe40afc776c18d8925199dcce78d0b06c9222b896,77,4
0xc4d47fd88de592eea087ed2092dc1d979ace23ae,77,2
0xd0acc1314f680599dc1a81c04f5b4f9cede43d9c,77,2
0xd047b65f54f4aa8eae6bb9f3d9d5d126fe722b9f,77,2
0xf6ad502ac34cc67f3a86b4e6a4ea802409b0af28,77,4
0xdf0635793e91d4f8e7426dbd9ed08471186f428d,77,0
0x1658a95d08bc44111a93f7afcab8444b7e8dc0c7,77,4
0x2fe8e10633eae71b503c60180c4190710a132237,77,4
0xf4a2cafc43f66ee6787ce289ed3256c93deb4d12,77,2
0x797f63620e62dbc83a5bc88c6a43494ded428cbe,77,4
0x888ed928636ec2c5c0115dd8464005c9876cd515,77,4
0xbed4e3cd89918563a9ce4b04cf5379daf566bd53,77,0
0xbd9ed130a53cfafcf81502e4d35329a6c4d53410,77,4
0xb1aa176e95417cac8bd911001d023fc6daca7610,77,2
0x53440ceaaa0c6cde35f61fda0f6f6e661ee15d3f,77,4
0xbac3919c732e1c0aee6b8d6149a1e773bca12b86,77,2
0xd8d8362933443286a44fe95ec85d9acf58a056bb,77,4
0xe65f3930aa2cc8711ef0d8c2244978a7f4a66c6a,77,2
0x45f1e5d98b7c338cd7cdcbcecc47ddef193674b1,77,4
0x9e4467c1839514ba0e2240ef81a89e40984f6f50,77,2
0x298afe764ceade43ba80ac4390195e8d9451d6ef,77,4
0x083578693315741b46295cc38f7ff219e1e3693c,77,2
0x63ceb6367d0a5ba9fac558d7143a6a0ce6f41bd7,77,2
0xb3d77ebc988eb7265f8b145accb27bcf2722ee0a,77,4
0x9bb36404df5455eeb80205e5730631c6a1d64c9d,77,4
0xec5f9994ebe1bdeaa009cb0a3e984c5c55bf3fdd,76,2
0x0ee9daa1423bb41bb47b0b0155269452b1b1b2ae,76,4
0xffdc0c7dff4bdabc76e69f1ffd0c11d54b21369b,76,4
0x9b1b504491fc206368bf048ff564249d8a81caa9,76,4
0x823b92d6a4b2aed4b15675c7917c9f922ea8adad,76,4
0x744bf16425eac4e497a9a01e7ab9bdb0b9f3af25,76,4
0x2c966676139ff93e16e8814dfdd91ffca9875e8a,76,4
0x4590219b226e50fe8ee023665a087e4eeaec1e1c,76,4
0x9ddc5b469e02cd486f8f77f3e8fe831468020085,76,4
0xdec2a15c96e912e5728a54acd5f6e9a9a52dcbc6,76,2
0x18de0bbaa2ec3dca4451b5a05d4a66cd245bbd91,76,4
0x7a450628e3084ca826cce11791d3a62c06b12f81,76,4
0x446139a2da60f7b6acd5e1a5e8c17dc02d900e1c,76,2
0x44690cc3c6a8098406f2837e9e1780f32f0b3486,76,4
0x6370c6ca30253a2e188ae8dc8e9e852271983e7e,76,4
0xa010322f3eea1004d16e1687777440b78f2e558e,76,4
0x3d23ab914f5c6552689d824e7802e1b242e3f588,76,4
0xa7b95d2a2d10028cc4450e453151181cbcac74fc,76,4
0xc485cf598a2f0cd43adbbccf4eee85a182746e4e,76,4
0x770fb298e70df0eb42235671a53e3210dd2ec2e9,76,4
0x1929a0454cdd4d925e8fc9b6c366ecd7844866f2,76,4
0x724487f080c9d5a808cfb4ef04402c9a4089563e,76,2
0x369987decd26db2b72c1218ea6692b79fde04d24,76,2
0x39bde2f9254cfef7d0487a27e107ef6c1685e44c,76,4
0x3f8bad96d742a08d24a4317ce6a9324bcaaef7c6,76,2
0x0b98c377b62702748898c5c4c9ccc2e2f35f084d,76,4
0xe364d707d9929e1685cfa3914ee427f9d4a89675,76,4
0x371ee509100af3eb863ed61b07825a50b60ab5c3,76,4
0xcdc65de2a7bc4b56d20e98a387c1528e58bf3441,76,4
0x4d99d767477fbb2b47efeb17e2a78970ad22ccc1,76,2
0xfb0018ad46c669b6a4c0e589c53db27daf7f7930,76,4
0xc0d1da3600993b1abfa47ab499cde90be4597914,76,4
0x42c839d1bf608755850d57ba735cd348d6468453,76,2
0x6b790599ea89be7f68268eea87bbba9cab5cfb68,76,4
0x692fe8353af9243e75f58dc58e62963a076c4d51,76,2
0x1b3e1786c3f8524ca0f3175b0b37bcc1bee5a6d5,76,4
0x0dac0e020ce53159d02b06d062b61c26ef0cf469,76,4
0x47cd602ad02d7d7da808d1af05025e20ec2c7916,76,4
0xd527c56dc2ac6a71f04242548039d07006e9103e,76,4
0xd5b5b26521665cb37623dca0e49c553b41dbf076,76,4
0x81da4f0bcea8d330d790da28bf5349d29ad51fda,75,4
0x139bafea53f444980bd33aff867088e734df4082,75,2
0xff659461bb2f7353fdf9d93d452d607a015fc4d5,75,0
0xe77552bd37a8703e4c54b4e3ff259418fd28a831,75,4
0x31a48fa51f4a1563c0f9b78212efb9185b91ed6f,75,2
0x8a81126532a690e21debb35832cdda8b9c29fa26,75,4
0x60ad81273c776aea562faeaa601ffc1680ae929d,75,0
0xca8119e97013879b273711e92eaf9b8e387d77f1,75,4
0x60fc976145dd135c6bbc7df9406a60e8c2123850,75,4
0x043e318a6c11970e3f7950dff7bf51657337db2c,75,4
0x4bb6d52a4420492c5d90f22fa92ff80ab481d961,75,4
0xf274a9f5e356c7ace21bfcdd6606b9e15795ee72,75,4
0x34e15635a4de3d82da31a4baeb7b9d465017dc63,75,4
0xcd967d373a32e7edbbade887d5abd9bdf61de504,75,4
0xc766ca67ed7216bf6f67e449f9789daddcc0e9ee,75,4
0x25376209ba75dff0a1ee75006bc3a4f8706ebf4a,75,4
0x90acd0fd2aa57ceb17bea4b9a7c95071d94c5ef0,75,4
0x7bc0ceafffc2f2322f07c3058ffbcc2fa7c2af7d,75,4
0xe77e8175201f92446d894a6c068df5c7c7ef64a7,75,4
0x3b8c618bfdded6544b27ef67cb71043b30655514,75,4
0xc5d16847874f3c47c5dfec353d01105896459d0f,75,4
0xaa666dd5b7db78516a812b772fe5c1d67c66f270,75,4
0x304acce87b3dd9b5019d32fa53866060e5032325,75,4
0xd289986c25ae3f4644949e25bc369e9d8e0caead,75,2
0xd2adb7b4df854631fa0f790a93b2fa25fad3f56e,75,4
0xa1369a4eab0350c3009306d72b1f3542bcf41f9b,75,2
0x6655459bab7a5e99f2d61279316f6d0a465be784,75,4
0x1d795c4f44ade46eff5a12bb70b1c75c4f1a214a,75,4
0x1a628c869eb7ede07a5b88c39eb3545de320ee22,75,4
0x23b8cca9b21c884a7ea65b527e88378643712acb,75,4
0x57ec1c2d85ec7e9cebc7a9a298014af008a5713a,75,4
0xfcf8dd90c50d2f7fd7b292ba6820ad09080442e4,75,4
0xd19604efb40ece1efd6df5de6d3892112b51e99a,75,4
0x425d16b0e08a28a3ff9e4404ae99d78c0a076c5a,75,4
0xafcdc9b44b3d9725d9bffd6c0b4b58c37d197490,75,4
0x6e0d41232da164ad7a91d4ae5d4277a42e1e3fc2,75,4
0x99ed04c212dd3929e9063bd78b26ef41858cb62c,75,2
0x0b013cca6335dd62353ca60ecec9c39b5227d270,75,4
0x1af86eec2d46160b784ab7f4ff9c62ec7294d762,75,4
0xd6d30f186e802c1558b8137bd730f7f4aec17ae7,75,4
0xecbc2901efd668a049ec86e847c3a70552d128a7,75,4
0x9df06d2e25378f01a405c93310e289e8d06c9841,75,4
0x4fe992e566f8a28248acc4cb401b7ffd7df959b0,75,4
0x4fe95c36bb9b3a81f278569525162f91615e77d7,75,0
0xb28cf9fcfaa079ff21ceddbfc7b4b2fb9c7bd70f,75,4
0x2b32c3ecaf47ed3ad459565c472182f56414c9b2,75,4
0x2235cd349113837ffc6d3e41ad8f64a84f3d20e5,75,4
0x91970127fd698b2716c36633ab396a797910a24c,75,4
0x74f32193df48fc4ac08f7884c7349a9d48e2248e,75,4
0xe21a6a572daef677f5c850cec2111c7f3e3d04b9,75,2
0x0a6afb591cef197bd25ccc8e70a90909ae46c749,75,4
0xdf164e23284e615ae14db1d7a8b5375ffd0ff65e,75,4
0x47fea52a4b79954fede50ee07b3f5d22696c8586,75,4
0x825d634b9d22da526ceebda4fb7ad4d373cfe2ba,75,4
0x825d4f26ac2f18dbd1fdee85c710abd6aaf78b7d,74,4
0x7ffdd8fefb6085886efe2651943bcb772432deef,74,4
0xa1df7157e5eb60c4f9bcffb6a2f725a4b6492ca7,74,4
0xea58392c30bb65355d555f772f6a5c69da564e61,74,4
0xe9f39293660b1b4919ab39f400817daa42422cc2,74,4
0xb8eb4347b64999bd31498d3834833b383d59f4fe,74,4
0x7fbe66206e5eb811173af1317bfa2a7838f4c270,74,4
0xeb27ae58d1980d4c5726409c88aa14e9dd733fc0,74,4
0x1a7b1085d20ca63e9f461969e21c021f92a7874d,74,4
0x818f3fa1008b355a85e9f78004ca09ce3e8e5e1d,74,4
0x0029ab135b5be72168bf80f140d60a9264dbd0c5,74,4
0xb78dd918b3f9fdb66b9520b9d0f1f7ccc449aed4,74,4
0x6f59d07401bddcc9373779fee26dc407c45768ad,74,4
0xcce56edd5e4594aade98e84d3fe6a64e13a6d073,74,4
0xb0a4e99371dfb0734f002ae274933b4888f618ef,74,4
0x4272d4cad0582720d2c328b8377d5ab5311c636b,74,4
0xc243e3aba71b76c1ea70e24c0295566119fd9131,74,4
0x17e5a662b373673475c51b6db9d79bd291dce573,74,0
0x4794764b746913abe38dbc7a373022bfee5b4a06,74,4
0x0470f22d198f15514085dd1fe72042d31ecddfa9,74,4
0x483487f08921ee301779e96a4710e299261721d5,74,2
0xce1559448e21981911fac70d4ec0c02ca1eff39c,74,2
0x18867ec16fe2cb6d5e973130eebf0c427decabf6,74,4
0x6eede1c561f85f99aa5036bff1a950b615bc185d,74,4
0xcd823142b266f3da24d16f761b4a4f27b7a13596,74,4
0x518e5a942ed7db4b45e9a491ce318373346db240,74,4
0xb2a82a8f0223dcb5020d9c593977e172fb33165e,74,4
0xbbedafd5f399be88dac7222ce1caa9dd7cfd7481,74,4
0x29a155188b93d4366a03162bed54eaabed5ab210,74,4
0x09475262c6a1ffbedd480d2a15f35f978aaaac38,74,2
0x6378584a7b7916b303fa9398f465f92647033be7,74,4
0x502cb8985b2c92a8d4bf309cdaa89de9be442708,74,0
0x505846a0a89dd26fa5cd0677fd5406039c218620,74,4
0xe5dd78c224f26e306c84a9b1aa2def30bdf15835,74,4
0x017715b9a71dabed2ddae0bbbb6b0896509c8212,74,4
0x0222ba0731fa7f3c3652180a6fecef7075b632ad,74,4
0xc96abba85d99a04a3b2d735ea8463eef80be3f00,74,4
0x3d401fb42e2f5c1ac97120eac015dad48713cccd,74,4
0x13ef2994550557b3e359d68df43bf68d32f8c5ba,74,0
0x413662ef87c5714c0f91294b3b39f5ec4a84875a,74,4
0x41c7b33b8e7fec43e4f860f79c2a4314e3c54089,74,4
0x40e652fe0ec7329dc80282a6db8f03253046efde,74,4
0x20aec996ce9d508a7f51b2a217bf6a87b6be0ef1,74,4
0x1d52309477b48ebe8ed680ac066d506f7970065e,74,4
0x5ade40e345817b739b91c6b4615efce87f9d7c57,74,4
0x7a937b0b8d5491fc5d626870c2e4f8e7f46acb62,74,4
0x1b26c22c1493df1399d8efa113ef99bb27ab9eb7,73,4
0xd4eddcef8643be102338e1d967d2516bd8904fef,73,4
0x0235ecaa45c4ce4abaf58c21e70c103d1bd745d7,73,4
0xb7e56c4f44d42487b73169d6ef727489dda00549,73,4
0xa057722e85988e6f58f5d02b7fdb1f630729e6c3,73,4
0xa1d2ae90d7b1f5910f332daa89911d84e5d26eda,73,4
0x63c410a066d5d12217b713ccac5f600a06ba45e6,73,4
0xf0b22f7e45a223a106c35eda11bd055a70a234dd,73,4
0x829d0f51a409a1fe36042fda26b4acbd8c2dae3f,73,4
0xb62675a9aec9a08524c70f9bbe57be4a5de40508,73,4
0xb5b4c4f6a656e6a9c1fc301b206b99af95215245,73,4
0x836fd05a18dc13aa8885a718278e6a316ecca1ff,73,4
0xc1ad79ab00b3f63577ca653cdfda344e9847d4d0,73,4
0xf4ba1b19e8065adf06b1e168e919836730304b6c,73,4
0x071a79b04021baf1b6f32a5c233c7d01dbde0e0f,73,4
0xfeed2ebfafec07ad46233eb2930d8c545ba01441,73,4
0x06a437b2afcd7b6261bc26399b30f0102eae3af0,73,4
0x8b26754becb2f0b00f64a4345da8e0f53ddab673,73,4
0x7c6e177d9613bbbc80557816a19a342136b24654,73,4
0xba22423b526d0a112fd7fa109ac4c9d131a682ac,73,4
0xed60eac23f638d2c4e28ba681a0539b7e63a23bd,73,4
0x84443f61efc60d10da9f9a2398980cd5748394bb,73,4
0xf1f0c294d247e8691d1118a86ccc669da3c75ca8,73,4
0x8581c388a30518884522fb177a92fc2193510814,73,0
0xff4e2d7169d7d56f8b41c63592fa919b4d1b0165,73,4
0x47b2efa18736c6c211505aefd321bec3ac3e8779,73,4
0x02a2ccb31d3e68bdebd90de2ea41b36d918400da,73,4
0xa4fc82338d3753065d3a81652d5d73600855b2bf,73,4
0x988136bc3201ce5f8c9b8c1501c0664f96dd0a3c,73,4
0x97c21083c8c62a2e3db72ca4cac91b138a07872a,73,0
0x6ec25e69f054d97d652044d2d014fca9e4d15614,73,4
0x1b1ef65bb57862c88fb3ca5aaab8746791928485,73,4
0x0c74e0e80b442cf74b1c515b642908b82a8878e7,73,4
0x7a1fbccc781593de822e0547f8cdc6210c982d61,73,4
0xf39d30fa570db7940e5b3a3e42694665a1449e4b,73,4
0xdf9efb7bfc07b9e7164a5868922afba5042835a9,73,4
0x24e8bb6a37774d8a0187e196beb29601ed5920bf,73,4
0x02bd4446d6cd972a2000ba6b7960b5e87e88266f,73,4
0xaf9e08f3020e624c945cc446e8759602049cb176,73,4
0x54900a355ab53686acc198553665c0fa6810fa0f,73,4
0x4806688dfccea461b645f08b9cd2f695999276f4,73,4
0x37acfef331e6063c8507c2a69c97b4f78c770a5a,73,0
0x3802746539177b3e0dbae6b105ee18ddb11298a3,73,4
0x197a78fe1bd3bbb64c1325c027bde8f67bac1770,73,0
0xc07414f8fb3ee80dbf61f585abed4b8d001d17cd,73,4
0xe8bf424e047372d249d0826c5567655ba3b72f18,73,4
0xceb9e948ce562b3b3eaa2495e39841a62815a524,73,0
0xa58fab297f20cd2fc16c1fa117681697f52f240a,73,4
0x6ce6afadd15996a6c3f3469105cb17e70b2d14f4,73,4
0xb3a2e95ad1a062ae4716e1568d8f80d2228461bc,73,4
0x9c9c45ce02fe2d66bff2f2e6eb381d54c3a6616a,73,4
0x5d294292439fb1ee1d03be683dc283c4dfbb7180,73,4
0x4d42307abb9b2fc8b822d564bc05c505946de1c3,73,4
0xc64de5e0f97c21606e1f31426eb5c98ab729c08e,73,4
0x602dc1d22884e333fca32eb03105773c3b97b22b,73,0
0xca54c3123c855bceceb0db69b034e45530020f26,73,4
0x57c41131600af2d0ea74d7a7ffab385063b89267,73,4
0xe895f40ecf7f32f3c57127c242f961ea93d0470e,73,4
0xc548e2ec774355e7d14b9880daf8115075c772e2,73,4
0x124e1fafcadc2c017a17b4bbbbfff3867b7dee35,72,4
0xf189bda172ddc4b6250b8c2cfbc174af18d3ad29,72,4
0xf11041694501021dc3dccdd7e784fd850bd42922,72,4
0x7e915cf29c5568e41493a4cd58e8519c1266e5da,72,0
0x132db8234171cc9d8a65853cf03d5c0f46c8867e,72,4
0xa1998b821c37519889af52f95d1b9dd0d5167d6a,72,4
0x6686e91a4259d1265d88fe168266e04d75db0633,72,4
0xa05e5c069625bca6079ad251c31030c95110c2f0,72,4
0x7d411873898ab53ee8260273ee9232213524ad62,72,4
0x4ae0dbd5c700c64faaf85678fc1fcdf6aba5c5dd,72,0
0xbba2860cb563c8edd6d5f4ad63abd52d65e14371,72,4
0x3083c46eb15cc0c087a03f60269edf1de8186f38,72,4
0x49153cbd5b0c516d1320bc42b48c73548b73b678,72,4
0x4758a12fb01dc7cad5741246b9e2eb59ae1ef38b,72,4
0x3111327edd38890c3fe564afd96b4c73e8101747,72,4
0x616f1e3b5d115d56f33c131351d46ac4aae1de5d,72,4
0x274d9e726844ab52e351e8f1272e7fc3f58b7e5f,72,4
0x17e33637f6b64e9082ea499481b6e6ebae7eea23,72,4
0xbe2c70e8cfaa74c1bab733d5bb6beae3152c827b,72,4
0xb16ee2a981cce4c4c075b2bd9406d5074da02727,72,4
0x99962e7d109833dfc78530587ed71270a6060040,72,4
0x2923be587904f3034ffab36c86c495df3c21bc97,72,4
0x5139ac8c1bb6d4e17c444825110cc7877e321ed0,72,4
0x5461c09d7b61e4beffcd782dc333f102ed7f6e24,72,4
0xde21dcb4d007d1ff6e1ef47ee4f8a47a9867d161,72,4
0x242bc7b9319c2ea4f5bd8b75277e1c858bca6721,72,4
0x72112e0b260e200e423367c074ba77493a09103d,72,4
0x26868de5c3ae8f03adc6a5ba231445feba8b8bab,72,4
0x55d44591fc2d4ad7a79df4784cb0d166ea697935,72,4
0x426ebbb08ae13e7956b3dcf18e2cdfe8db38518a,72,4
0x45196712413861ebf5ffbb95d18eab88245b4666,72,4
0x2193fd6b2ab1c8d3a57afbc142d9c6a4c138c30c,72,4
0xe70fe418032f3ce1fbdeb5508a0b7cccffda6d32,72,4
0xf7ab7c10b2ae4b4d505b037c987f8a59ff69ba6f,72,4
0xc3e1ceffc8087082baa045a9473edecf3773c122,72,4
0x7c81f6ef28412392b7f0771e903490131ab74da2,72,4
0x7a420ea1a6849dfa73b1d8874c3994af8ded60cc,72,4
0x199da66fea63520d64b213ee3e7eb7cdfb650d62,72,4
0xc4d645532e0f009748c7951ee8e9119914cac25b,72,0
0x0c488c9a8118a5163635a6c7a248102980fda4ad,72,4
0x1e0fdeee3d580105dd8dfee82ccc4bc28ac3ffb9,72,4
0xe42ec162dd9e75bcc8c331a0f5240958c2d3da00,72,3
0x941cb0e5466f4d21e13164953e3b740f2dc8d872,72,3
0x1fa02e36cb086f2a89adba718c65db7085d16756,72,3
0x91e60b5a9bb7e0b221e8536f0c5c54a9e943bb62,72,4
0x0442a79e7f06a2675189fcbe8961e44653c4651c,72,4
0xa5b65d4a68c1c71aae3910199f4ab266f726afbf,72,4
0x5dafafbd7acd662c909a9601120cf1d9f277e8ae,72,3
0xe4e9bb2c6aabcae687352ba00214771dcd538a35,72,4
0x1cd6d86687adccaac08c12134aa569a780368b28,72,4
0x9ebf36d5d78e29128724b9298020870ef9e4f83f,72,4
0x1055b1ba704158d78672179c61ef77eff2af6021,72,4
0xd5c91f3ef6610dd5b1428bf9a67e3c03323c65f8,72,4
0x67168517c1d0835147e2bd66e40a602e9fb9cbd9,72,4
0x6a06a5ed081990f4313c03aabc70f5874aa43f89,72,4
0x845b5e72e97cf3ac688975d91688d99da4dd564c,72,4
0x00000000af5a61acaf76190794e3fdf1289288a1,71,0
0x2db428a3b1241f7590b05045b233f97d94269e50,71,4
0x80559932fa7cf2707b40f4541fcd93eec4ab4266,71,0
0x1b72bac3772050fdcaf468cce7e20deb3cb02d89,71,4
0x5d345ad7e348fff3a339c61d6394ca24b094f939,71,0
0x5d594da5154a4236a4fd81edea808ba1338f3203,71,4
0xa7f3dfed2bcf7b35a8824e11ae8f723650edfb58,71,0
0x04a96048a887f58ef6d20379fbd0b11f9dee22d7,71,4
0x8f56ce34d90141e3ba9d78f43bbc80b510de3e9b,71,4
0xe2850aeceac7e8d955813100098606bfd1a01fdb,71,0
0x0e94f1210151fbf7003924efa56f4a73f8f8f507,71,4
0x005839abcf30fc149dbac154d62cf00ce5a18351,71,0
0x8eeb3170eea4135b88ec6c058f101d41a29d0cd2,71,4
0x8c35b33aec81f4aa0c048b79542ec19b3e905690,71,4
0xad52d26c3a57764a289f5bb1cca0720e63f317ff,71,0
0xe0819c89815a3376e2a9a02d77e4e4a8c8387adb,71,0
0x219c15508383577f8adba451c2f2367bc6ceb817,71,4
0x54f987c0a786031357427211046d9e7ef61f3891,71,4
0xa58e55e2202668f343ac9d7d5e904247d1e9ca76,71,4
0x6ec440154dd9c34e01d54779d55cd861de77db59,71,4
0xe7683d0562086a88c1b9b32f8763e3ae6aeec502,71,4
0x58a72d082ad3b5ea83b38131fb9ff6ee42b17f0b,71,4
0xe7f581032d0937b0bd2b9ec6dfe1ecac86326ad4,71,0
0x39799c809acceedc3a0821b99ed495102fb430cf,71,4
0x763324b36cb8ee3abdbafce3ac6e62a337f086ae,71,4
0x931292c42a5f600e80d75b7c7743f0164240882c,71,4
0x9389e143dff86096766cd9ff82198857745a8d7b,71,0
0xa7f2ff6c6b16fc1cb2499d60ee16f2ca39f970df,71,4
0x8cd7c0cafbd36d17e034497c0b472e28ecc970d3,71,4
0xd80c8da4b37cc49a5ef4521fccb56052378b1c78,71,4
0x2a3fe6f76de9ed1a17cad7d4bf22aab06b07218a,71,4
0x5104efc872d45dba3a97bf02aebe240dfc283321,71,0
0x16ad3f1c89ae9042f61e2437fb81736f5d3a60c4,71,4
0x85419d3637f65773068d9f8329b3a80920c8ca76,71,4
0xee64e0a60a3be4e16b067e0c61e1e51ce1b03fdd,71,4
0x849f17c54d6dda08162ef328131048d95b9b2c71,71,4
0x308c4a67eb1480e739cfc18d0fd8805c55dd8402,71,4
0x9d5f75adc1659bc69732c7f915dfff7faded2290,71,4
0x30ed5773e9c1023a266483d7860a2b19fa4c736c,71,4
0x30c2cc2a570378e2422fc75acd240978dfafbda9,71,3
0xa1932d804e85ae3b80a2a47446e98e51d65d877e,71,4
0xa1872b9b494556777d2b3ac5e699cf7fb377bafc,71,0
0x64ae361c1c55f61a02d2c67a4c78457d5169ac56,71,0
0xb88827b3dc2704e9ee7cd74247b4069615610cd8,71,4
0x33cb4d0f57849b5ff7c91f8ac3e2a2d4fbb55645,71,4
0x34bbc9a46b09283698ba7aa1c273e8b4e9f7bcc3,71,4
0x6d835bb6bcce3bc2cccdc88fdf32ef73f88400b4,71,0
0x6d82dc3a4a2a2db99c841f44444642aafb329537,71,4
0xfde695f57f1800f6a6012038ba6263f436b3cf68,71,4
0xbc9c92922d98f2896e173b6c197b7fc1674324c9,71,3
0xd0c81e82abddf29c6505d660f5bebe60cdff03c5,71,4
0x6d370af6cb556b12a4da961ad69840d88f20f938,71,4
0xa3c3c0d10d604dad2f7558af3073d1b13a77f138,71,4
0x18ab13f62635bec69fcc1d2ce3dbe5e0bdef1b99,71,4
0xc1852f917835a9f2f97112672bc5c8afd1f21dc3,71,4
0x26d8bd22c1b3ce53d6c5110c71138749f4c69439,71,0
0xcd0b262216e710717b8bbb2f28a070e562dced38,71,4
0x561445dcad87cddfb1a3b21bb3d1ee4d5e73b485,71,4
0xbe746b3639af3d3f3a743318f11ce4073e71f42d,71,4
0xbe8142866be40a11fe0123debe80b8cfb3d62e73,71,4
0xbee1cdb0de23afe4b81d41dfd2f956e4b611b694,70,4
0x054e4d23739dc1c0f3edc34ea874828e1612e004,70,0
0xb0973dfe732ac86c20fd2d62ab68b6bac9eb376e,70,4
0xa526ec38e974785d3be42ec23f9c2a2dd849e085,70,4
0xdc19464589c1cfdd10aedcc1d09336622b282652,70,4
0xe866ece4bbd0ac75577225ee2c464ef16dc8b1f3,70,0
0x22b660f6e6a007acea649acd028a8d057c15620c,70,4
0xdd1c352901b41f00dda047ff63c21bc6133d5601,70,4
0x1a78e512008b2fac6cea2b8d8e54f1e304f3cd2d,70,0
0xa6edc956290b7ce416c5d8edc67e1c32506fe099,70,4
0x0cbe265011306fd86438c7d23d0dfb1721c20763,70,0
0x1accbee5f8cd31bdf1d847351799a2e1d74900cb,70,4
0xaae52afdfdb5d52d717bb114e4bd62b39a949adb,70,4
0x5c41ce26d910b50f6b01ae315c77d4e1fc7a79e3,70,0
0xc4bf1e9f7255e4a379763579e52ee2b7c703cc56,70,0
0x01b29eb97ec05b81abd72b77035d99dc1b482c1a,70,0
0xb79dd7a1fd1298b13771055c0bac2f215f4a13dd,70,4
0x4adaeef3521509a73d6f71177c4ee2cdd184b734,70,0
0x1464d4e3c815de3028572b850c6c34dfc57e9320,70,4
0xecf76e6901832b280502aa051b60536d0368dd39,70,0
0x8101bf01b2ad8e96f5645c4228a5eba18b6951af,70,4
0x4dac2ca98638c1af27eb349d99153dfcae3a4a53,70,4
0x4ef02c30fd96c4da70473ee0ecde7f6a595448de,70,4
0xb67cff0ed07a50f690638731dce80bc4fe312c83,70,4
0x77159783ed219c8dcafb63b2b8d69b24c774842d,70,4
0x2c99d50eb4daa1d26b5ba0b1daab58cbfc0ac3e6,70,4
0xc6d1cbd356faa71447a86c2faa68e6456907e816,70,3
0x3eab4037a2e7f4d4d0946c091fe135838221f2b6,70,4
0x1da293d71d48004ef733cef99bac8f87eed2d44a,70,0
0x1ccb5cef2d364ee60eeae2b241ea7212d3c10287,70,0
0xc8e764dd559e3a6e0a433450a33dbbce83bc52d4,70,4
0x974536d825fa748a43b4596368ebd53af7afa6bd,70,0
0x315be4e2000f30cbb9a3eadb6ae77d031caff31f,70,4
0xd1b7a30b02e4ed79025204be3c919d8f28457ab0,70,4
0xb141936c797fb48714c37f9168d8dedd47975191,70,4
0xb19371e6452aacb217a28397b271686f1809cf59,70,4
0x0598df9ef51616e9c015a4f17918507259b22baf,70,4
0x5398850a9399da87624874704feaa8a9c6c4089b,70,4
0x358b532b553aa29eb0295ad72fa2c1ff528c8c82,70,4
0xda81f406543d3a8ad6ed5a64037628af237a8256,70,4
0xda17b5106ceab831cc1800b491b2862a0b950479,70,3
0x70c039387365da03c0bc345c5161deaa867ac2cf,70,3
0xafadc1ff29a2a91c076fcc8f0af4d3776ef18713,70,4
0x476e23bfc5415397021a74e525640b328a12b81e,70,4
0x17d0cc96e6538b52f16c3ed03a2d3e6dd91bc50e,70,0
0xe8dce15eef658fb7c57be0c05faf01ba225183bf,70,0
0x18c5deae86447c083caeeef6afba93fe58ff4bbc,70,4
0x34353e48f8007b0dbf496e734062e30d9354d529,70,3
0x4b8673ca1b5c9f08cfffce527fec9173c35e27f3,70,0
0xb9b78523717e42494c2aa6ad07be9ccb4b09be7a,70,0
0x8afaed312996c8a3984c83e9d092faa970f9d055,70,4
0x8b5c2387ba1f401a8f1d7eea37fa8f9fea6969c1,70,0
0x49a2dcc237a65cc1f412ed47e0594602f6141936,70,4
0x49c03d28a7f7aa13ff07efcc1fff517b90a5c0e1,70,4
0x506b290dec05156fbcafff81b602e4b3717e95ab,70,4
0xb4f82c737969262514458b802cc578cbf95430ee,70,0
0xd7c54a8aac751b5aec70515456d85fd81577e9f8,70,0
0x63785c2f4a9864302da3c5890cd55e144056a44a,70,4
0x638b8c5c14f6845eeee3dad430385b03e1a66fee,70,4
0x1542ecd3d4b083fdc0bc3d8a09347f904211ba8b,70,0
0xb83470cd5850de7e5943c4decc5620d48e4adc9f,70,0
0x30887fc55cbfad3487cb55bfe1779f6d2ba1c118,70,0
0xd78f9e1f17bcb8f5b719d40b5dc262d9ecf9e9e5,70,0
0xff8d6b097316edb07fb6a8f0598a8b457661bdcd,70,0
0xb73175a10dbebd97ba55fa6b869b1492492f75ea,69,0
0x4a86e4fbbf5095d769b334c14fe1fdf21d8c00c6,69,4
0x4a02314976a755cc5b7b2482f25170714e903a30,69,0
0x1390743368d3d548cea3e371f8da81da2ffde2c1,69,0
0xf2db783b92cc8f188c2523c9ac5b7698d0243e05,69,0
0x2ea631bda7f9bb50b441c7d627f0a89d1fee0ebc,69,4
0x2e13c8f1e1d66919d04f12e49fbc4a3c03d286d2,69,0
0xd48fd91c7c26a55804352f16700c7e8c4fa6bab2,69,0
0xd4b31a616b5c2bd6fa09dca10b69ee70c01968a4,69,0
0x688d0b153c7b74cdd20b54737a9aee6b4d86f160,69,4
0x9fd31424cfceab50218906bc1b3d87fe7778ca61,69,0
0xb52c52486b13ddddad792f671894408d16e1c048,69,0
0x7fabadbdf7c144c9e76ab630c8f3073ffeb5176e,69,4
0x8878d85f8e7e73645b92e004f4e557488ab32725,69,0
0x7eed3201cb5667498b1c47215b560a45bbd0e0e8,69,4
0x49613c43d4a8f2948137ca434aa7d4ed739369c2,69,4
0x4846e45c101a8339be5489167f5aba5fcbf37bca,69,0
0xb4308400aba2912c7c2ca6a9c6bfc98a49798913,69,4
0xf362a9d7ba3e2ff709f27d78c0545533763d06c1,69,4
0x0d590124d2faabbbdfa5561ccbf778914a50bcca,69,3
0x55857b9a18e15a298136b3118af86bc9503b3eb5,69,0
0xf8619187723d284a9bdb65384191b473a6c31412,69,4
0x69c51ef78fa71b314623bdfe920d19c03e47d853,69,4
0xd76d50c82fd63445c88a6922a3b248f8c80ea75f,69,0
0x66143d695baff44a3c8549bbdb16098d55674f9d,69,4
0x43e1f62f0b538ab3d01c33cf16898dc941f03066,69,4
0x1954c8cd151de0d0946fcc1e8a97545f711e2380,69,3
0x18ae0d58f978054e55181be633d4a6e1239aa456,69,4
0xb16d7fb2a3f13f3d295f4e5291eb0b28528ad255,69,4
0x53c404d148a5c7c164e259f07a87429ad79c00e6,69,0
0x574ccf14154cc872e39ca074beba10d1c8add1ac,69,0
0x8c0c78e6e81510b96fe34483c05ee203a1f0457b,69,4
0x7bbd198c8f9e8a27324dd54b114bb9c1335ab5fe,69,4
0xaf4d7e7b9deba33b7ae57d08bd8eae8ab55d8254,69,4
0x5567fedc768d4fac55d3941cae0e413da2791251,69,0
0xd1d972f85236d6da79e628275d5edf3f5332ddde,69,4
0xd7fbfb25e4e9e1950d68fef0dc72ab0f09de55b3,69,4
0x9c6d67c5fd1f78c3daee702b9a59183c0f4a9d17,69,0
0x29b2d55046414057ce440dcc7aeb946e0837d24d,69,4
0xd85426ba0492aee38814bb5d6b9ec1c042712c46,69,4
0xe6be2096dbe9560cfb01b45804514d075d6585bc,69,4
0x427f2ac5fdf4245e027d767e7c3ac272a1f40a65,69,4
0xc3aae58ab81663872dd36d73613eb295b167f546,69,0
0x40335581dd8692b698762168908d4ea23b0b94f9,69,1
0x3f94cd5967d3ca52f9f6df503779eef92b7805a5,69,0
0x5a7d7d8591de34678e8601a2a25f1ab06e90da63,69,0
0x58df55d6ab2db99d440241a607d91898b9ffd046,69,0
0xc8bef1a50119389ae31d2e426f7c71bf8cc10def,69,0
0xc91f9d3c6630525c92e7bcb93611def307249280,69,4
0x3b38a44e2c4902c4734c552dd38d1cd6f91cfb2f,69,0
0x1d5e65a087ebc3d03a294412e46ce5d6882969f4,69,4
0x1c2c8a55ff634cf7841890dfc8ca7707e9b93d26,69,0
0xc957fcd9be2dcd01385fdceb2b9f72f921a271ee,69,4
0xd0e44af301a899f299b7abf6bf3824f1f222f6c8,69,4
0xf5bb0094b5b7d0c03e0af35c4b4b287805d71467,69,0
0xfde817c7a0770f42fb80b93dd7a538291c871765,69,3
0x6555e1cc97d3cba6eaddebbcd7ca51d75771e0b8,69,0
0x1e1077a14c6163f4887617dabc4cf1d751a379a4,69,4
0x78b032708d09b09404da88b72393bfce57568d1e,69,0
0x77df6b2a499379a143b2ee488c25f0cf0cb7900e,69,4
0x77f66250f55c0955d60904d902b69b6771f78fef,69,4
0x3f3e7cd8be447aeb65c05eb6596b03e8c8627803,69,4
0x3e9a8f4ec87bc9e2170688c593f42b2934b92f71,69,4
0x75086316ae15b560186878cab2aef4db6b924285,69,4
0x5e01d9928ea32d1d3ae2f3263b6ec6c165dc2d76,69,0
0xa901368aec255b1e6df31edf8aa735ff16bb12a8,69,0
0x028ba041704644a05d49da2c72cd0ece5f37bc46,69,0
0x3566974231473a3456d2305fea0bb0944d2ed698,69,0
0x03e294fe1d45a28139972c4e38bc813eb827e62d,69,4
0xa369f4a6d8547d084e8b090912bcece7fafdcb3a,69,4
0xdb4f7db91482ce3f8393db0725ef94ba7237bbef,69,0
0x70d8e4ab175dfe0eab4e9a7f33e0a2d19f44001e,69,0
0x98d29f6b55b59cef1d6c4c9f9b065302989d23d1,69,3
0x626dc1c3a2991dfc91973b68d4131ef8d1487513,69,0
0x23eebb090c430783bf0665478ea6d5793b44a3c3,69,0
0x225243849b1b30feb5a825fe8f10e591242aff35,69,4
0xca07aacbfa8508e4aeb2269ae364e185bc9421d6,69,0
0x39b8e8bc30bb95bdf45a623d5f6fbf2c47785a41,69,0
0xcaba1a66f0049ab97256d75eeb48d540a7a1f8ff,69,0
0x372cc010c6677434739398463c6bc11e995ebf26,69,0
0xa4fcd20d161f62dabadf89e30e418ea0b3d2efcf,69,4
0x608b0012afe1bbce4dde992d53a2075d74762040,69,3
0xdbc9454541a32fc0cc1b76cfc674a76aab6233a9,69,0
0xdc914144d4b678cdc72d25fb60fe51add8810022,69,0
0x73555792708d34d5d2c3fce67134ea691ceb4d65,69,0
0x877e8ab289f1b3eec7220a8a7edcfe1d87779813,69,0
0xb74bf8fe9fc050d48f298c04bb87463d2d82891e,69,0
0x1303b9d1d5fdfb7d822c7e285de118280a4a17e3,69,0
0xee68dc68913ee5606608c90d9b5db8ec4b12774c,69,0
0x84bb78991e2b60dd30497f8ce048aa68a4b259bb,69,4
0x82ed811fd7ba9392dc2a88044a3cfa246a81f235,69,0
0x118ee757dd8841f81903e1c1d7d7aa88e376cc39,69,4
0x10f363d941352887cd28d47e85e19e124ba5ffd5,69,4
0xffbc36636cffeee51593f6f8048f618138b5b793,69,0
0xffbfc78cd57025f3ef4e478ac5f909a20a22ad50,69,0
0x0061cc250c17c9a9f6335acaf1bb94b3fcf9e6ad,69,0
0x848769e27677cf08059581befdb65f4af3d69b82,68,4
0x10f546a6f4d20d91e5a8506124384759c9f4bc79,68,4
0x11966fd9273654925e0e37a481ffdf7f74567659,68,0
0x4c77ca7ff8e548806fdc88e4dfa8ea1e493a450a,68,0
0x8577b84527ced5d2d9f299dc6027a9e049c17d6c,68,4
0x4c5472116fe8fdc491428899aa7f3b2d8e631896,68,4
0xf1caf10c5fe421660e8fdf2c0cdaa0be68633b3e,68,0
0xee2826453a4fd5afeb7ceffeef3ffa2320081268,68,0
0x269e30242bb6edb87092417399adffc7cf3015c0,68,4
0x6f25e6df2e18370e5fc5fe5ad929ab98614a3ed1,68,4
0x5e41408192ccb2be827e5d0d5f6ca1c5e1513131,68,0
0x736e108bcdd0c48771878caa148c1254689a941d,68,0
0x261377cfb52e6fd3048b0ab991d991ee43ef2d4a,68,4
0xa55f6f54f7e0e11396904031b0e870cdc910bf75,68,0
0x60dc0b25f6aa160ec8748a52f6c360c213454bd1,68,0
0x37ded015a56e4f302f38d39421806c9d52c55e29,68,0
0x95b9f2f528338b0cdb3f14442837b0e7f05dceec,68,0
0x4e1e47a1cfe4695eeadf12549907247ff4b7cc85,68,0
0x4da725d81911dc6b452a79eacbe8e2df7ab4ca49,68,4
0x1ef0d50b1bdfed62a06ac67080443e71f7efa4a1,68,4
0x01c57220b9210c272ddcab9ad6794654c3b3d804,68,0
0x9073b943c749b85e83390c18cd45df85dcd2e9cc,68,4
0xa7615cd307f323172331865181dc8b80a2834324,68,0
0x0215c1aa89283d755c6a79d99153b907dcfa73a4,68,0
0x0215c140840b896e1e371525d1f70cefbd09aafa,68,0
0xf6fdee29e3a14610fdbe187e2d3442543cfa45b8,68,0
0x9a586521db706d1b626737d03c3f59fc1ced8df1,68,4
0xa7f56a6dd807d40fd24f6e0f56f1bcab7dcccaf4,68,4
0x967cf72ba4158f5b348ece7afc67de68d2e6cbc4,68,0
0xf54a9dbff5105fb09611f07ed85e38b838530e27,68,0
0xcde850e02a5d1ebedb5e1d2b177af8770354fdb7,68,0
0x03cf046a623dcadb6e13d1ddb94741976ae525ed,68,4
0xf5802fc338925adcbcf3627c0c9b1de8a9642ffe,68,0
0x39b4c78fcad0dc158be86ee0f9f1b867fa6604f7,68,0
0x9df7c98c933a0cb409606a3a24b1660a70283542,68,0
0xfd21a5bacf0b024d96ac044efc522f9ac99b5bc8,68,3
0x838025a84c1b64b1d82f0102f6029fbc6c59c8d3,68,4
0x2c8f3f786afdb01b9329e8bdf0f5e2b583ce3338,68,0
0x85e27d0255c975129b767eca9c8163f31b0cf296,68,4
0x4ab52791c736bc26d1933b4940ce8454e0474d03,68,4
0x4f50d47d20380172746527bbeaa274940c38efac,68,4
0xf2fa954e033e92ba3c76fd4372d479c99f614ae3,68,0
0xff5269e8ae6a9f2ff2a93c770fd35f8ce71712f8,68,4
0x66c7a7348250f453a37cf86410a946f9668de386,68,0
0xd5c01b2f8ab1e00b84fae74a354f57448f68d882,68,4
0x7fe4b724c8e379152bbc148bbd2cfdc7e5b80446,68,0
0x2d19f32620f647d08fa8b9a0fa5206fae15c0ed5,68,4
0x7d8e6cfb1b8709139631cac4cc458f63611ffdf8,68,0
0x7cc696a7734f459d55d1b4d716b1f56416f0c21f,68,0
0x6a0c50788e462f322959a2458687096994d66316,68,1
0x7f10b0a8ece3fbf89df5422862cba7229ac3596b,68,4
0xe94bc3c9813519afd3e512a1f48ad7cac17f6e8b,68,0
0xe7186c0c4e6b249a269bd7fa3c3e1da54250c18b,68,0
0x1b2c2ff7a6140241440941fc3d5a29f1a0b53f2d,68,0
0xf44b95991cadd73ed769454a03b3820997f00873,68,0
0xe75c8bcd8b9a36f9cf89442d436686c218c68593,68,0
0x0295016e281b8389e095e1d9cdcbbe1fd4abcf53,68,4
0x2a830646605778da25cf86f057aacd4f11dcf69e,68,0
0xacfa1c0a40ef81872fb7a674a406ef25164dcbd8,68,0
0x17f780e07e5525c20bf5f22b6c650052fa8605ab,68,0
0x56d8c11e95d4f6cbe72685cc1714dd2446cf0296,68,0
0xacee7e48eb7ac0357d49d5c21cc4c1b5cb13cedb,68,0
0x531146f30be47bb171cb2039c25a4ae5d4fe164e,68,0
0x6aaa4bb5a36186ce99a2b8f871a7d52a34022408,68,4
0xc373decd953ed7e4fd78f4c39aa41a44448fb6f1,68,0
0xad51ae2c62a9b471c3f3e0c7fca219af86980861,68,0
0xf86b6d7c82597de4441c4d3df218824672990fc9,68,0
0xf84dc4cd6e5eb982cc6790d38842905a06174f8c,68,0
0x78a083d3ffc762515dc0e168c33f186dca76e45e,68,0
0x7904adb48351af7b835cb061316795d5226b7f1a,68,0
0x78e96be52e38b3fc3445a2ed34a6e586ffab9631,68,4
0xe685023e4dba2ba2633450ebf21bafdf1bdee2d6,68,0
0x79d93cbf3583e62dd3edbddd1ee1121f8b07af81,68,0
0xae69116e4aa49645f78c1fc9f28f677aede0d153,68,4
0xe670c92e93f88761004f86b28c101cd8b9ca57a9,68,0
0xc8b9bbba82cbe9f56ea20344cd5dc84066f994ed,68,4
0xc8b42f481a855fbef39aeb3b65913939c21c99a0,68,0
0xa9b5913ca8da76fd2c9f74042df259015ea690e3,68,0
0x3e0cf03f718520f30300266dcf4db50ba12d3331,68,0
0xe4e49e1623fac15750b8cd9cbdd9344ef1b03748,68,4
0x1d7f4ec86d8cf76458143da658f30b7e1420cde1,68,4
0x1dabd0496d64fc5f83ec1c9ea0d2b2c9bb211bb5,68,4
0x3b06bc7b205f1a827f6504244db7a8f5b0bf7dfa,68,0
0x65b94696d501e8f1fe23e2243cb84aa97e2bf782,68,0
0xd2a630451e597536a5850f34c48471bba9d11ea2,68,4
0xd2346dbe4fc52ecfdfeaccab5ef1efaa0851c21d,68,0
0xd229ba176a92bf9737c82292f323759b124c76eb,68,0
0x49780314b8c5f741228e4799fbe1f97aeab5e8be,68,0
0xbe50cb1788ed7a5d375ec7a9bad41e2cb8161817,68,4
0x89c15e1e3c53dd550c7ca64091d31db92bb94aa0,68,0
0x89a8331349d8ec37a99702965e41c9e5dda3b150,68,4
0x18c42014fb0aed3e35515eb45df8498af67773a4,68,0
0xd3609aee138dec27fb63395dc58b5f0c7ab701f2,68,0
0x33b495480cdfab66790300d853f56452f9f96eed,67,0
0x0c4861b8dec21ea2d4dc1e35ccda362cd73e1047,67,0
0x905341c6dc571b616ec79e1f7f5dfb0069b93126,67,4
0xe0eeec7010ac9f74a947d70d43173d6765844768,67,0
0xa725b17b42d3b4f64fb9bd2435480384f5998663,67,0
0x3ef71b47a6b985f753b02b15b7b64c8985bcc4a8,67,0
0x5d4b67fab585ec9ccd341ea9ce32c4a71840747d,67,0
0xd0e541e693d96867829c4938cbf75d369d4f6176,67,0
0x311bf6e6b6d416a808adf524b2fba791bf257e19,67,0
0x28dfc8c2c28b900d38ad0307551166ab6aadd1d4,67,4
0x2801dc085086cac094c89f4db374d67508667378,67,0
0x9aaea404b29381b89d77612cd7cee706c4059542,67,0
0x6512264566bf91efca43cad4e4495148511c9edc,67,0
0xdab02b8a30f1766f05ab309b5ff19f9641e2da6e,67,0
0x779df480b2eaa9eb5b4b149135de8dd97c1cc492,67,0
0x8f5ac4fba596d556da5ad1dc806c972c86dee9b4,67,0
0xe3230fcdd4b19afb36ba3e263e7a708861e13fa4,67,0
0x0baf7b79f9174c0840aa93a93a2c2a81044a09a2,67,0
0x3ac2aa1b79c1aea2f3cce147f5a1c2f180f0b806,67,0
0x98cd31a77948b77f1aa2ae36be4a5c5f6853de96,67,0
0x62d75fde870bd14baba4ccbfc706a92c6528e944,67,0
0xdacb1734b3259d98c8fdc755993209f9c4682cd2,67,0
0x35d124ce28e92a7365ac428234a6c362eaea1845,67,0
0x72d9f391dfc352105b8aa391475007d4bcefe1e4,67,0
0x95d97be6bd003679a9cd856132f1128062af48d8,67,0
0x35fe24e9a15ff454de3bf05b1deaa830ec019eda,67,3
0x5fc21713e7ea8804073442b04cd660197763cd3a,67,0
0x3996769bd6bf1f7380895bc969302804b3d3125b,67,0
0x856b762d46274ef1d696103e5fb2af2afee91ecb,67,0
0xef8912c26aa017354e975892e92ae9b8079e4e84,67,0
0xf1911233a1db7450339ef1b14866e8b9f98b3e7c,67,0
0x839b015229bad4b4c13d34581d4a1cceefcde666,67,4
0x11e03d11ba8328b345e21a9c6ad442b64ec85e11,67,0
0xef15902a5e70961738b8fff0caa49e555f4bcad0,67,0
0x12690cdba85ce9f5200110bdf391567e8635d759,67,0
0xee37f338220479c8f652e3557f02513bdb11c160,67,0
0x00e36307236118b7d5ff9e1fa3a2506fd5257b8a,67,1
0xb7fae29a6455417345fa2440f551482f9be6c802,67,0
0x11111254369792b2ca5d084ab5eea397ca8fa48b,67,3
0xa8560117ccbe413074c420f3fa83f842b65e0999,67,0
0x3b48461a085ab50996fd96b0cc12a557be91aac9,67,0
0x212b1b5afa70e74e461a7ebf7f17d85a465d3394,67,0
0x75941b8ae97ff0039ba1a79b2b52d9ec899ed645,67,3
0x935361eb81ffe4eef326902ac37e8aba82edf403,67,0
0x9512e79aa38f53a6a758930400e2494bcb5bbf0a,67,0
0xdfdbc9fe64f3020b8440deb6c5db544a89aaaf04,67,0
0x627c5ca5b6a3b1985c6f9aa8f11d4f188debfb97,67,3
0xdd7c40ad9dd3ba5708e3cc6deb90fcfc37933e09,67,3
0x23597054c024fbc6e6c19d6c9af6c6e514e75fa5,67,0
0x798758d8e3e98701e06bcd1b2ed8a8577527b36c,67,0
0xe82941e727d84f99329b94381e67a94524963d05,67,0
0xae3c67b8aa12e458f2b4eafc0e9209710582c9d3,67,0
0x1c47fb66197f84ce3d92b1ebab9dfbaa656e8150,67,0
0x3c673dd35bfea5267c4f5598a8d441fb13f8475a,67,0
0xb15217fc398ed144ec91f258c8fcc5999ae7fede,67,0
0x57321969cd276c33fd7b1a20b778447f05d9d7e5,67,0
0x1997169fc82abdc3f54e14e1e2cd75cba24db73c,67,0
0xc424e90ace50df63efe178ed5f28cf3759cf51ea,67,0
0x7b6079e2c7235f8a55370348af121d73b4cc959b,67,4
0x7b2ef92fdecdf4a156365eb78c9e92b44588fe84,67,1
0xfea0904acc8df0f3288b6583f60b86c36ea52acd,67,0
0x8daed1c8233547ad869fce7a80cd5bd6e89b4826,67,0
0xafcb0f6c48ff9b9e5e7e4e467a4d69f4e6df55f3,67,0
0x5682cddb3bbb1731ceb8c4cd761eac9f31b84d27,67,0
0x43681f57b3f5c6ce26cf3e828baa7bf5b38f84d4,67,0
0xd8982cf39b93ca723ebbca49efd04d4777a9686b,67,0
0x9b047e34d7e5358f0e66890808f7d61867b3bdc7,67,0
0xd80490fddad5b4d57fed5b649167c6b8259b63e3,67,4
0x638097b8e878942b2c762301951cca619c92c095,67,0
